URL,noun,noun_rough_eng,sense1,machine_translation1,sense2,machine_translation2,sense3,machine_translation3,sense4,machine_translation4,sense5,machine_translation5,sense6,machine_translation6,sense7,machine_translation7,sense8,machine_translation8,sense9,machine_translation9,sense10,machine_translation10,sense11,machine_translation11
,159,,159,,94,,46,,26,,16,,12,,6,,4,,,,,,,
https://el-sozduk.kg/osumduk-7/,өсүмдүк,plant,Абанын жана жер кыртышынын органикалык эмес заттары менен азыктанып органикалык заттарды пайда кылуучу жана кандайдыр бир орунда өсүүчү организм.,An organism that grows in any location and produces organic matter by feeding on inorganic substances in the air and soil.,,#VALUE!,,#VALUE!,,#VALUE!,,#VALUE!,,#VALUE!,,#VALUE!,,#VALUE!,,#VALUE!,,#VALUE!,,#VALUE!
https://el-sozduk.kg/onuguu-7/,өнүгүү,to develop,бир нерсенин бара-бара башка (өзгөчө өнүккөн же жетилген) баскычка өтүү процесси,the process of something gradually moving to another (especially advanced or mature) stage,,#VALUE!,,#VALUE!,,#VALUE!,,#VALUE!,,#VALUE!,,#VALUE!,,#VALUE!,,#VALUE!,,#VALUE!,,#VALUE!
https://el-sozduk.kg/olum-12/,өлүм,death,"Ажал; өмүрдүн, жашоонун бүтүшү. ","Death; the end of life, the end of existence.",,#VALUE!,,#VALUE!,,#VALUE!,,#VALUE!,,#VALUE!,,#VALUE!,,#VALUE!,,#VALUE!,,#VALUE!,,#VALUE!
https://tamgasoft.kg/dict/index.php?lfrom=kg&lto=kg&word=эстелик,эстелик,monument,"Көрүнүктүү адамдарга курулган скульптуралык же архитектуралык имарат, сүрөт ж. б.","A sculptural or architectural building, painting, etc. dedicated to prominent people.","Өткөндөгү материалдык маданияттын, эски жазуулардын, чыгармалардын ж. б. сакталып келаткан үлгүлөрү, калдыктары.","Preserved examples and remains of past material culture, ancient writings, works, etc.","Эстөө, эсте сактоо, унутпай ойго алып жүрүү үчүн сактала турган ар кандай нерселер, окуялар, эскерме.","Various things, events, and memories that are kept in order to remember, to keep in mind, and to carry in mind without forgetting.",,#VALUE!,,#VALUE!,,#VALUE!,,#VALUE!,,#VALUE!,,#VALUE!,,#VALUE!,,#VALUE!
https://tamgasoft.kg/dict/index.php?lfrom=kg&lto=kg&word=эсте,эсте,remember,"Мурда оюнда болгон, көргөн-билген, сезимде бар нерселерди, окуяларды ж. б. ойго келтирүү, эске салуу, эске түшүрүү.","To recall, to remind, to recall things, events, etc. that were previously in one's mind, seen, known, felt.","Уйкусу чала болгондо, уйкусураганда, чарчаганда, талыкшыганда ж. б. эрксизден оозду кең ачып, терең дем алуу.","When you are sleep deprived, drowsy, tired, stressed, etc., you involuntarily open your mouth wide and take a deep breath.",,#VALUE!,,#VALUE!,,#VALUE!,,#VALUE!,,#VALUE!,,#VALUE!,,#VALUE!,,#VALUE!,,#VALUE!
https://tamgasoft.kg/dict/index.php?lfrom=kg&lto=kg&word=эсеп,эсеп,account,"Ар кандай нерселердин саналып, саны такталып чыгарылган жалпы жыйынтыгы, канча экендигин көрсөткөн жалпы саны.","The total number of various things that have been counted and quantified, the total result, indicating how many there are.",Арифметика.,Arithmetic.,,#VALUE!,,#VALUE!,,#VALUE!,,#VALUE!,,#VALUE!,,#VALUE!,,#VALUE!,,#VALUE!,,#VALUE!
https://tamgasoft.kg/dict/index.php?lfrom=kg&lto=kg&word=эс,эс,memory,"Акыл, аң-сезим.","Mind, consciousness.","Ойдо сактоо, унутпоо жөндөмдүүлүгү.","The ability to remember, not to forget.",,#VALUE!,,#VALUE!,,#VALUE!,,#VALUE!,,#VALUE!,,#VALUE!,,#VALUE!,,#VALUE!,,#VALUE!
https://tamgasoft.kg/dict/index.php?lfrom=kg&lto=kg&word=эркиндик,эркиндик,freedom,"Боштондук, көз каранды эместик, эркин, тең укуктуулук.","Freedom, independence, liberty, equality.",,#VALUE!,,#VALUE!,,#VALUE!,,#VALUE!,,#VALUE!,,#VALUE!,,#VALUE!,,#VALUE!,,#VALUE!,,#VALUE!
https://tamgasoft.kg/dict/index.php?lfrom=kg&lto=kg&word=эркек,эркек,man,"Адамдын, айбандын, жаныбардын ж. б. эр жыныстуусу.","The masculine gender of a person, animal, etc.",,#VALUE!,,#VALUE!,,#VALUE!,,#VALUE!,,#VALUE!,,#VALUE!,,#VALUE!,,#VALUE!,,#VALUE!,,#VALUE!
https://tamgasoft.kg/dict/index.php?lfrom=kg&lto=kg&word=эреже,эреже,rule,"Жыгач уста тактайга так, тилке, белги түшүрүп алуучу жип.","A string with which a carpenter can mark, strip, or mark a board.","Белгилүү негизге таянган жобо, шарт, тартип.","A regulation, condition, order based on a certain basis.",,#VALUE!,,#VALUE!,,#VALUE!,,#VALUE!,,#VALUE!,,#VALUE!,,#VALUE!,,#VALUE!,,#VALUE!
https://tamgasoft.kg/dict/index.php?lfrom=kg&lto=kg&word=эне,эне,mother,"Баланы төрөгөн жана тарбиялап өстүргөн апасы, аял (баласына карата).","A mother, a woman who gives birth to and raises a child (in relation to her child).","Төлдөгөн, тууган ургаачы жаныбар.",A female animal that has given birth.,"Төрөгөн апасына, аялга жана өзүнөн улуу, улгайган аялдарга, кемпирлерге айтылуучу сөз.","A word used to address a mother who has given birth, a woman, and older women and old women.",,#VALUE!,,#VALUE!,,#VALUE!,,#VALUE!,,#VALUE!,,#VALUE!,,#VALUE!,,#VALUE!
https://el-sozduk.kg/emgek-aky-3/,эмгек акы,salary,"Иштеген ишине, аткарган жумушуна ылайык төлөнүүчү акча, акы.","Money, salary, paid according to the work done.",,#VALUE!,,#VALUE!,,#VALUE!,,#VALUE!,,#VALUE!,,#VALUE!,,#VALUE!,,#VALUE!,,#VALUE!,,#VALUE!
https://tamgasoft.kg/dict/index.php?lfrom=kg&lto=kg&word=эмгек,эмгек,work,"Акыл-эстин, күч кубаттын жумшалышы аркылуу белгилүү максатка ылайык жүргүзүлгөн иш аракети, жумуш, адамдын ишмердүүлүк сапатынын белгиси.","Work is an action carried out with a specific goal through the use of mind and energy, a sign of the quality of human activity.","Жазылган, иштелген же басып чыгарылган чыгарма, изилдөө иши, китеп.","A written, edited, or printed work, research work, book.",,#VALUE!,,#VALUE!,,#VALUE!,,#VALUE!,,#VALUE!,,#VALUE!,,#VALUE!,,#VALUE!,,#VALUE!
https://tamgasoft.kg/dict/index.php?lfrom=kg&lto=kg&word=эл,эл,people,"Мамлекеттин, өлкөнүн калайык калкы.","The people of the state, the country.","Улут, белгилүү бир тилде сүйлөгөн калк.",A nation is a population that speaks a particular language.,Өлкөнүн негизги массасы (таптык коомдо бийлик жүргүзүүчү таптын эзүүсүндө болгон калк).,The main mass of the country (the population oppressed by the ruling class in a class society).,"Адам, киши.","Man, person.",,#VALUE!,,#VALUE!,,#VALUE!,,#VALUE!,,#VALUE!,,#VALUE!,,#VALUE!
https://tamgasoft.kg/dict/index.php?lfrom=kg&lto=kg&word=экономика,экономика,economy,"Белгилүү бир коомдук түзүлүштүн, коомдогу өндүргүч күчтөрдүн өнүгүшүнө ылайык келген өндүрүштүк мамилелеринин жалпы жыйындысы.",The general set of production relations that correspond to the development of a particular social structure and the productive forces in society.,"Эл чарбасынын кандайдыр бир тармагынын абалы, түзүлүшү, уюштурулушу.","The state, structure, and organization of any sector of the national economy.","Эл чарбасынын материалдык, финансалык жактарын изилдей турган илим тармагы.",A branch of science that studies the material and financial aspects of the national economy.,,#VALUE!,,#VALUE!,,#VALUE!,,#VALUE!,,#VALUE!,,#VALUE!,,#VALUE!,,#VALUE!
https://tamgasoft.kg/dict/index.php?lfrom=kg&lto=kg&word=шарт,шарт,condition,Талап.,Requirement.,"Бир нерсеге таасир кылуучу, жалпы ал-абалга таасирин тийгизүүчү жагдай, кырдаал, мүмкүндүк.","A situation, circumstance, opportunity that influences something, has an impact on the general situation.",,#VALUE!,,#VALUE!,,#VALUE!,,#VALUE!,,#VALUE!,,#VALUE!,,#VALUE!,,#VALUE!,,#VALUE!
https://el-sozduk.kg/shayloochu-9/,шайлоочу,voter,"Шайлоого катышуучу, шайлоого укугу бар адам.","A person who is eligible to vote, a participant in an election.",,#VALUE!,,#VALUE!,,#VALUE!,,#VALUE!,,#VALUE!,,#VALUE!,,#VALUE!,,#VALUE!,,#VALUE!,,#VALUE!
https://tamgasoft.kg/dict/index.php?lfrom=kg&lto=kg&word=шайлоо,шайлоо,election,"Шайлануучуларды көпчүлүктүн (шайлоочулардын) добушуна коюу аркылуу депутаттыкка же башка кызматтарга өткөрүү, бекитүү жолу.",A method of appointing or approving candidates to a position of deputy or other office by placing them under the vote of the majority (voters).,,#VALUE!,,#VALUE!,,#VALUE!,,#VALUE!,,#VALUE!,,#VALUE!,,#VALUE!,,#VALUE!,,#VALUE!,,#VALUE!
https://tamgasoft.kg/dict/index.php?lfrom=kg&lto=kg&word=шаар,шаар,the city,"Административдик, өнөр жай, соода жана маданий борбору, кыштакка караганда калк көп орношкон ири пункт.","An administrative, industrial, commercial, and cultural center, a large settlement with a larger population than a village.",,#VALUE!,,#VALUE!,,#VALUE!,,#VALUE!,,#VALUE!,,#VALUE!,,#VALUE!,,#VALUE!,,#VALUE!,,#VALUE!
https://tamgasoft.kg/dict/index.php?lfrom=kg&lto=kg&word=чек+ара,чек,check,"Жанаша турган мамлекеттердин же кандайдыр бир ээликтеги жерди территориялык жактан бири-биринен бөлүп туруучу сызык, тилке, эки чектин аралыгы.","A line, strip, or boundary that separates adjacent states or any land holdings from each other territorially.",,#VALUE!,,#VALUE!,,#VALUE!,,#VALUE!,,#VALUE!,,#VALUE!,,#VALUE!,,#VALUE!,,#VALUE!,,#VALUE!
https://tamgasoft.kg/dict/index.php?lfrom=kg&lto=kg&word=чек+ара,чек ара,border,"Жанаша турган мамлекеттердин же кандайдыр бир ээликтеги жерди территориялык жактан бири-биринен бөлүп туруучу сызык, тилке, эки чектин аралыгы.","A line, strip, or boundary that separates adjacent states or any land holdings from each other territorially.",,#VALUE!,,#VALUE!,,#VALUE!,,#VALUE!,,#VALUE!,,#VALUE!,,#VALUE!,,#VALUE!,,#VALUE!,,#VALUE!
https://tamgasoft.kg/dict/index.php?lfrom=kg&lto=kg&word=фракция,фракция,faction,"Саясий партиянын жалпы линиясына макул болбогон, жактабаган, андан өзгөчөлөнгөн көз карашта болуп, партияга каршы күрөшкөн, бирок анын катарында болгон өзүнчө топ, партиядагы негизги массадан өзүнчө бөлүнүп алган группировка.","A separate group, a group that separates itself from the main mass in the party, that does not agree with or support the general line of a political party, that has a different point of view, and that fights against the party, but is still within its ranks.",,#VALUE!,,#VALUE!,,#VALUE!,,#VALUE!,,#VALUE!,,#VALUE!,,#VALUE!,,#VALUE!,,#VALUE!,,#VALUE!
https://tamgasoft.kg/dict/index.php?lfrom=kg&lto=kg&word=үй,үй,the house,Адамдар тура турган турак жай.,A place where people can live.,Имарат.,Building.,"Ар түрдүү коомдук керектөөлөрдү тейлөөчү жай, мекеме.",A place or institution that serves various public needs.,,#VALUE!,,#VALUE!,,#VALUE!,,#VALUE!,,#VALUE!,,#VALUE!,,#VALUE!,,#VALUE!
https://tamgasoft.kg/dict/index.php?lfrom=kg&lto=kg&word=уюм,уюм,organization,Коомдук бирикме же мамлекеттик мекеме.,Public association or government institution.,,#VALUE!,,#VALUE!,,#VALUE!,,#VALUE!,,#VALUE!,,#VALUE!,,#VALUE!,,#VALUE!,,#VALUE!,,#VALUE!
https://tamgasoft.kg/dict/index.php?lfrom=kg&lto=kg&word=уруксат,уруксат,permission,"Кандайдыр бир ишти иштөөгө, жөнөөгө ж. б. макулдук.","Consent to do something, to go on a trip, etc.",,#VALUE!,,#VALUE!,,#VALUE!,,#VALUE!,,#VALUE!,,#VALUE!,,#VALUE!,,#VALUE!,,#VALUE!,,#VALUE!
https://tamgasoft.kg/dict/index.php?lfrom=kg&lto=kg&word=уй,уй,cow,"Төрт түлүк малдын бир түрүнө кирүүчү музоо, торпок, кунажын, өгүз ж. б. жалпы аты.","The common name for a type of livestock, including calf, heifer, ox, etc.","Ушул малдын төл берген, саала турган ургаачысы.",The female of this animal has given birth and is ready to be milked.,Он эки жылдык эски жыл эсебинин экинчи жылы.,The second year of the twelve-year old calendar.,,#VALUE!,,#VALUE!,,#VALUE!,,#VALUE!,,#VALUE!,,#VALUE!,,#VALUE!,,#VALUE!
https://tamgasoft.kg/dict/index.php?lfrom=kg&lto=kg&word=тынчтык,тынчтык,peace,"Жым-жырттык, ызычуу жоктук; бейкуттук, согуш жок тынч абал, чыр-чатаксыз тынч абалда жашагандык.","Silence, the absence of noise; peace, a peaceful state without war, living in peace without conflict.",,#VALUE!,,#VALUE!,,#VALUE!,,#VALUE!,,#VALUE!,,#VALUE!,,#VALUE!,,#VALUE!,,#VALUE!,,#VALUE!
https://tamgasoft.kg/dict/index.php?lfrom=kg&lto=kg&word=түзүлүш,түзүлүш,structure,"Түзүлүү системасы, биригиш ыгы, жолу.","The system of formation, the way of union, the way.","Коомдун, мамлекеттин ж. б. башкаруу системасы, жол-жобосу, тартиби.","The system, procedure, order of governance of a society, state, etc.",,#VALUE!,,#VALUE!,,#VALUE!,,#VALUE!,,#VALUE!,,#VALUE!,,#VALUE!,,#VALUE!,,#VALUE!
https://tamgasoft.kg/dict/index.php?lfrom=kg&lto=kg&word=туу,туу,birth,"Аскер бөлүгүнүн, бирикмесинин, мамлекеттин, кандайдыр бир уюмдун ж. б. эмблемасы катарында эсептелүүчү, белгилүү бир же бир нече түстүү, бетинде жазуусу, кооздуктары ж. б. бар, жыгачка бекитилген кездеме.","A cloth attached to a piece of wood, in one or more specific colors, with writing, decorations, etc., considered the emblem of a military unit, association, state, organization, etc.","Кандайдыр бир топтун, уюмдун ж. б. бирдиктүү аракетинин негизи болгон жетекчи идеясы.","The idea of ​​a leader that is the basis for the unified action of any group, organization, etc.",Жаңыруу (ай жөнүндө).,Update (about the month).,"Процент өсүү, пайда, үстөк кошуу.","Percentage growth, profit, and interest.",Туулуу.,Birthday.,,#VALUE!,,#VALUE!,,#VALUE!,,#VALUE!,,#VALUE!,,#VALUE!
https://tamgasoft.kg/dict/index.php?lfrom=kg&lto=kg&word=турмуш,турмуш,life,Жашоо шарттары. күндөлүк тиричилик.,Living conditions. Daily life.,Бизди курчап турган реалдуу чындык; тиричилик.,The real reality that surrounds us; life.,,#VALUE!,,#VALUE!,,#VALUE!,,#VALUE!,,#VALUE!,,#VALUE!,,#VALUE!,,#VALUE!,,#VALUE!
https://tamgasoft.kg/dict/index.php?lfrom=kg&lto=kg&word=топ,топ,group,"Катуу бир нерсеге урулганда серпилип ыргып кетүүчү, ичине аба толтурулган же туташ тоголоктолуп көбүнчө резинадан жасалган шар.","A ball, usually made of rubber, that bounces when hit by a hard object, is filled with air or rolled up tightly.",Бозону сүзүп алгандан кийинки калган шак.,The moment after hitting the Bozo.,"Адамдардын, айбандардын, өсүмдүктөрдүн жана башка ар түрдүү нерселердин бири-бирине жакын же чогуу турган жыйындысы, группа.","A group of people, animals, plants, and other miscellaneous things that live close to or together.",Такталап түрүлгөн кездеменин түрмөгү.,A roll of tightly rolled fabric.,,#VALUE!,,#VALUE!,,#VALUE!,,#VALUE!,,#VALUE!,,#VALUE!,,#VALUE!
https://tamgasoft.kg/dict/index.php?lfrom=kg&lto=kg&word=токой,токой,forest,"Аягы менен турган көп дарак, бак-дарак көп жана калың чыккан чоң аянт.","A large area with many trees, bushes, and thick vegetation.",,#VALUE!,,#VALUE!,,#VALUE!,,#VALUE!,,#VALUE!,,#VALUE!,,#VALUE!,,#VALUE!,,#VALUE!,,#VALUE!
https://tamgasoft.kg/dict/index.php?lfrom=kg&lto=kg&word=тил,тил,language,"Омурткалуу айбандардын жана адамдардын оозунун ичиндеги тамакты чайнап жутууга жардам берүүчү, анын даамын аныктоочу, ал эми адамдарда, андан тышкары, табыш чыгарууга катышуучу орган.","An organ in the mouth of vertebrates and humans that helps chew and swallow food, determines its taste, and in humans, also participates in excretion.","Сүйлөөгө, өзүнүн оюн айтып түшүндүрүүгө болгон жөндөмдүүлүк, речь.","The ability to speak, to express oneself, to explain one's thoughts.","Коомдо байланыш-катыш жасоонун, пикир алышуунун куралы болгон тыбыштык жана лексико-грамматикалык каражаттардын системасы.",A system of phonetic and lexical-grammatical means that are a tool for communication and interaction in society.,"Жазуучунун, ар кандай чыгарманын, илимий эмгектердин, публицистиканын ж. б. түрлүүчө белгилер менен мүнөздөлүүчү, өз ара айырмалануучу стили, речь.","The style of a writer, of various works, scientific works, journalism, etc., characterized by various features, distinguishable from each other, speech.",Керектүү маалымат алууга мүмкүн болгон туткун.,A prisoner who can obtain the necessary information.,"Сөгүү, сөгүп тилдеп айтылган сөз. ","A curse word, a word spoken in a cursing manner.",,#VALUE!,,#VALUE!,,#VALUE!,,#VALUE!,,#VALUE!
https://tamgasoft.kg/dict/index.php?lfrom=kg&lto=kg&word=технология,технология,technology,"Белгилүү бир өндүрүш тармагында материалдарды, буюмдарды иштетүү жолдорунун процесстеринин жыйындысы; өндүрүштүн ушундай ыктары, жолдору жөнүндөгү билимдердин жыйындысы.",A set of processes for processing materials and products in a particular industry; a set of knowledge about such methods and methods of production.,,#VALUE!,,#VALUE!,,#VALUE!,,#VALUE!,,#VALUE!,,#VALUE!,,#VALUE!,,#VALUE!,,#VALUE!,,#VALUE!
https://tamgasoft.kg/dict/index.php?lfrom=kg&lto=kg&word=тартыш,тартыш,dispute,"Белгилүү бир маселе жөнүндө болгон пикир келишпөөчүлүк, талаш.",A disagreement or dispute about a specific issue.,"Жетиштүү эмес, кемчил.","Insufficient, defective.",,#VALUE!,,#VALUE!,,#VALUE!,,#VALUE!,,#VALUE!,,#VALUE!,,#VALUE!,,#VALUE!,,#VALUE!
https://tamgasoft.kg/dict/index.php?lfrom=kg&lto=kg&word=тармак,тармак,network,"Илимдин, өндүрүштүн, кесипчиликтин ж. б. белгилүү бир багыт, өзгөчөлүк боюнча кеткен, өзүнчө айырмалуу белгилери болгон бөлүмү, тарамы.","A branch or branch of science, industry, profession, etc. that has a specific direction or specialty and has its own distinctive features.","Бүтүн нерсенин айрым бөлүгү, айрым салаасы.","Some part of the whole, some branch.",,#VALUE!,,#VALUE!,,#VALUE!,,#VALUE!,,#VALUE!,,#VALUE!,,#VALUE!,,#VALUE!,,#VALUE!
https://tamgasoft.kg/dict/index.php?lfrom=kg&lto=kg&word=талаш,талаш,dispute,"Бирдей болуп чыкпаган, ар түрдүү ойлордон, пикирлерден же келише албоочулуктан пайда болгон айтыш, тартыш.","A disagreement or dispute that arises from differing thoughts, opinions, or disagreements.","Ачык-айкын эмес, чечиле элек.","It is not clear, it has not been resolved.",,#VALUE!,,#VALUE!,,#VALUE!,,#VALUE!,,#VALUE!,,#VALUE!,,#VALUE!,,#VALUE!,,#VALUE!
https://tamgasoft.kg/dict/index.php?lfrom=kg&lto=kg&word=тагдыр,тагдыр,fate,"Турмушта адамдын эркинен тышкары боло турган, башынан өткөрө турган окуя; жазмыш.",An event in life that occurs and is experienced beyond a person's control; fate.,,#VALUE!,,#VALUE!,,#VALUE!,,#VALUE!,,#VALUE!,,#VALUE!,,#VALUE!,,#VALUE!,,#VALUE!,,#VALUE!
https://tamgasoft.kg/dict/index.php?lfrom=kg&lto=kg&word=табият,табият,nature,"Жер бетиндеги бардык жаратылыш, бизди курчап турган материалдык дүйнө, айлана-чөйрө.","All nature on Earth, the material world around us, the environment.",,#VALUE!,,#VALUE!,,#VALUE!,,#VALUE!,,#VALUE!,,#VALUE!,,#VALUE!,,#VALUE!,,#VALUE!,,#VALUE!
https://tamgasoft.kg/dict/index.php?lfrom=kg&lto=kg&word=сыйлык,сыйлык,award,"Кадырлоо, урматтоо эмгегине, талантына баа берүү максатында акчалай, буюмдай же орден, медаль ж. б. түрүндө берилүүчү сый, белек.","A reward or gift given in the form of money, objects, or an order, medal, etc., in order to recognize and appreciate work or talent.",,#VALUE!,,#VALUE!,,#VALUE!,,#VALUE!,,#VALUE!,,#VALUE!,,#VALUE!,,#VALUE!,,#VALUE!,,#VALUE!
https://tamgasoft.kg/dict/index.php?lfrom=kg&lto=kg&word=суу,суу,the water,"Булак, өзөн, дарыя, көл, деңиздерди пайда кылуучу, химиялык жагынан алганда водород менен кислороддун кошулушунан келип чыккан түссүз суюктук.","A colorless liquid that forms springs, streams, rivers, lakes, and seas, and is chemically formed from the combination of hydrogen and oxygen.","Өзөн, дарыя.","Stream, river.","Кургак эмес, ным.","Not dry, but moist.","Жемиштин, мөмөнүн суюк маңызы, ширеси жана ошол сыяктуу суюктуктар","Fruit, berry juice, and similar liquids",,#VALUE!,,#VALUE!,,#VALUE!,,#VALUE!,,#VALUE!,,#VALUE!,,#VALUE!
https://tamgasoft.kg/dict/index.php?lfrom=kg&lto=kg&word=суроо,суроо,question,Кандайдыр бир нерсе жөнүндө билүү үчүн жооп талап кылган кайрылыш.,A request that requires a response to learn about something.,"Чечүүнү талап кылган, чечиш үчүн коюлган маселе.","A problem that requires a solution, a problem that is set to be solved.","Талап, керектөө, өтүнүч, сураныч.","Demand, need, request, please.","Белгисиздик, чечиле электик.","Uncertainty, unresolved.",Уруксат.,Permission.,,#VALUE!,,#VALUE!,,#VALUE!,,#VALUE!,,#VALUE!,,#VALUE!
,сүйлөшүү,conversation,"Эки же андан көп адамдын ортосундагы, айрыкча расмий эмес сүйлөшүү, анда жаңылыктар жана идеялар алмашылат.","A conversation between two or more people, especially informal ones, in which news and ideas are exchanged.",,#VALUE!,,#VALUE!,,#VALUE!,,#VALUE!,,#VALUE!,,#VALUE!,,#VALUE!,,#VALUE!,,#VALUE!,,#VALUE!
https://tamgasoft.kg/dict/index.php?lfrom=kg&lto=kg&word=спорт,спорт,sports,"Организмди чыңоо максатында жүргүзүлүүчү көнүгүүлөр, машыгуулар (гимнастика, күрөш, туризм ж. б.).","Exercises and trainings performed to strengthen the body (gymnastics, wrestling, tourism, etc.).",,#VALUE!,,#VALUE!,,#VALUE!,,#VALUE!,,#VALUE!,,#VALUE!,,#VALUE!,,#VALUE!,,#VALUE!,,#VALUE!
https://tamgasoft.kg/dict/index.php?lfrom=kg&lto=kg&word=сөз,сөз,the word,"Речтин айрым бир түшүнүктү, объективдүү дүйнөнүн кубулушу жөнүндө тыбыштар аркылуу билдире турган единицасы.",A unit of speech that expresses a certain concept or phenomenon of the objective world through sounds.,"Речь, кеп.","Speech, speech.",,#VALUE!,,#VALUE!,,#VALUE!,,#VALUE!,,#VALUE!,,#VALUE!,,#VALUE!,,#VALUE!,,#VALUE!
https://tamgasoft.kg/dict/index.php?lfrom=kg&lto=kg&word=сот,сот,court,"Граждандык чыр-чатак, талаш-тартышты чече турган жана ар кандай кылмыш иштерин карай турган мамлекеттик орган.","A government body that resolves civil conflicts, disputes, and hears various criminal cases.","Ушундай орган тарабынан кылмыш иштерин же башка маселелерди кароо процесси, анын заседаниеси.","The process of considering criminal cases or other matters by such a body, its session.",Судья.,Judge.,,#VALUE!,,#VALUE!,,#VALUE!,,#VALUE!,,#VALUE!,,#VALUE!,,#VALUE!,,#VALUE!
https://tamgasoft.kg/dict/index.php?lfrom=kg&lto=kg&word=сом,сом,som,"Жүз тыйынга барабар акча бирдиги жана акчанын, монетанын ушундай бааны билгизген белгиси.",A unit of currency equal to one hundred coins and a symbol indicating the value of money or coins.,"Уютуп койгондой, жумуру, чулу.","As if you were sleeping, round and round.",,#VALUE!,,#VALUE!,,#VALUE!,,#VALUE!,,#VALUE!,,#VALUE!,,#VALUE!,,#VALUE!,,#VALUE!
https://tamgasoft.kg/dict/index.php?lfrom=kg&lto=kg&word=согуш,согуш,war,"Мамлекеттер, айрым элдер же уруулар арасында болгон куралдуу күрөш, кагылыш.","An armed struggle or conflict between states, individual peoples, or tribes.","Урушуу, мушташуу, кармашуу.","Fighting, brawling, scuffling.",,#VALUE!,,#VALUE!,,#VALUE!,,#VALUE!,,#VALUE!,,#VALUE!,,#VALUE!,,#VALUE!,,#VALUE!
https://tamgasoft.kg/dict/index.php?lfrom=kg&lto=kg&word=сентябрь,сентябрь,September,Календарлык жыл эсебинин тогузунчу айы.,The ninth month of the calendar year.,,#VALUE!,,#VALUE!,,#VALUE!,,#VALUE!,,#VALUE!,,#VALUE!,,#VALUE!,,#VALUE!,,#VALUE!,,#VALUE!
https://tamgasoft.kg/dict/index.php?lfrom=kg&lto=kg&word=себеп,себеп,reason,"Кандайдыр бир нерсенин, окуянын, натыйжанын келип чыгыш же пайда болуш шарты.","The condition for the origin or occurrence of something, event, or result.","Түрткү, жардамчы; шылтоо.","A stimulus, an assistant; an excuse.",,#VALUE!,,#VALUE!,,#VALUE!,,#VALUE!,,#VALUE!,,#VALUE!,,#VALUE!,,#VALUE!,,#VALUE!
https://tamgasoft.kg/dict/index.php?lfrom=kg&lto=kg&word=саясат,саясат,politics,"Башкаруу ишинде жана эл аралык мамилелерде мамлекеттик бийликтин, партиянын же айрым коомдук топтун өзүнүн таптык максатына, таламдарына ылайык жүргүзгөн иши.","In governance and international relations, the work of a state authority, party, or a certain social group in accordance with its class goals and interests.",Белгилүү бир максат үчүн жүргүзүлгөн аракеттин түрү.,A type of action undertaken for a specific purpose.,,#VALUE!,,#VALUE!,,#VALUE!,,#VALUE!,,#VALUE!,,#VALUE!,,#VALUE!,,#VALUE!,,#VALUE!
https://tamgasoft.kg/dict/index.php?lfrom=kg&lto=kg&word=сапат,сапат,quality,"Бир нерсенин жакшы жагын, артыкчылыгын, керектүүлүгүн, коюлган талапка жооп бере ала тургандыгын көрсөткөн касиет.","A property that shows the good side, advantage, necessity, and ability of something to meet a given requirement.",,#VALUE!,,#VALUE!,,#VALUE!,,#VALUE!,,#VALUE!,,#VALUE!,,#VALUE!,,#VALUE!,,#VALUE!,,#VALUE!
https://tamgasoft.kg/dict/index.php?lfrom=kg&lto=kg&word=сан,сан,number,Буттун жамбаштан тизеге чейинки бөлүгү.,The part of the leg from the hip to the knee.,"Эсеп ишин жүргүзүүгө, бир нерсенин эсебин, канча экенин көрсөтүүгө колдонулган түшүнүк.","A concept used to calculate, to count, to show how much something is.","Газета, журналдын улам чыгып турган белгилүү кезеги, номерлери.",A specific series or issue of a newspaper or magazine.,Көптүктү же жекеликти билдирүүчү морфологиялык каражаттар менен берилген грамматикалык категория.,A grammatical category represented by morphological means that expresses plural or singular.,"Өтө көп, эсеп жеткис.","Too many, too many to count.","Барк, атак-даңк.","Fame, glory.",,#VALUE!,,#VALUE!,,#VALUE!,,#VALUE!,,#VALUE!
https://tamgasoft.kg/dict/index.php?lfrom=kg&lto=kg&word=салык,салык,tax,"Бийлөөчү таптын өкүлдөрүнө эл тарабынан берилген милдеттүү чыгым, налог.",A mandatory tax paid by the people to representatives of the ruling class.,"Ар кандай буюм-теримдин, мүлктүн катып же бир жакка салып коюуга ылайыкталган таңгагы, катып же бир жакка салып коюла турган буюм-терим, мүлк.","A package of any kind of goods or property designed to be stored or put away, a thing or property that can be stored or put away.",,#VALUE!,,#VALUE!,,#VALUE!,,#VALUE!,,#VALUE!,,#VALUE!,,#VALUE!,,#VALUE!,,#VALUE!
https://tamgasoft.kg/dict/index.php?lfrom=kg&lto=kg&word=салт,салт,tradition,"Коомдук, традициялык көрүнүштөгү, жалпы элдик мүнөздөгү адат, каада; традиция.","A social, traditional, and universal custom, custom; tradition.","Белгилүү бир нерсенин жөнү, эрежеси, шарты.","The name, rule, or condition of a certain thing.","Жүгү жок, жүксүз","No load, no load",,#VALUE!,,#VALUE!,,#VALUE!,,#VALUE!,,#VALUE!,,#VALUE!,,#VALUE!,,#VALUE!
https://tamgasoft.kg/dict/index.php?lfrom=kg&lto=kg&word=саламаттык,саламаттык,health,Ден соолук.,Health.,,#VALUE!,,#VALUE!,,#VALUE!,,#VALUE!,,#VALUE!,,#VALUE!,,#VALUE!,,#VALUE!,,#VALUE!,,#VALUE!
https://tamgasoft.kg/dict/index.php?lfrom=kg&lto=kg&word=саат,саат,clock,"Жолтоо, кесепет.","Address, consequence.",Суткалык убакытты өлчөө үчүн колдонулуучу прибор.,A device used to measure time of day.,60 минутага барабар убакыт.,A time equal to 60 minutes.,,#VALUE!,,#VALUE!,,#VALUE!,,#VALUE!,,#VALUE!,,#VALUE!,,#VALUE!,,#VALUE!
https://tamgasoft.kg/dict/index.php?lfrom=kg&lto=kg&word=ресурс,ресурс,resource,"Кандайдыр бир нерсенин запасы, булагы; каражат.",A source of something; a resource.,,#VALUE!,,#VALUE!,,#VALUE!,,#VALUE!,,#VALUE!,,#VALUE!,,#VALUE!,,#VALUE!,,#VALUE!,,#VALUE!
https://tamgasoft.kg/dict/index.php?lfrom=kg&lto=kg&word=республика,республика,republic,"Жогорку бийлик органдары белгилүү бир мөөнөткө шайлануучу мамлекеттик түзүлүштүн формасы жана башкаруунун ушундай формасы бар өлкө, мамлекет.","A state is a form of government in which the highest authorities are elected for a specific term, and a country or state has this form of government.",,#VALUE!,,#VALUE!,,#VALUE!,,#VALUE!,,#VALUE!,,#VALUE!,,#VALUE!,,#VALUE!,,#VALUE!,,#VALUE!
https://tamgasoft.kg/dict/index.php?lfrom=kg&lto=kg&word=программа,программа,program,Иштеле турган иштин болжолдуу планы.,A rough plan of the work to be done.,"Саясий партиялар, мамлекеттик бийликтин борбордук органы, коомдук уюм же мамлекеттик, коомдук ишкер тарабынан белгиленген негизги принциптердин, милдеттердин жана максаттардын жазып көрсөтүлүшү.","A statement of the basic principles, tasks, and goals established by a political party, a central body of state power, a public organization, or a state or public enterprise.","Бир нерсени өткөрүүнүн тартиби, планы; концертте аткарылуучу чыгармалардын, радиодо берилүүчү берүүлөрдүн составы, тизмеси.","The order, plan for carrying out something; the composition, list of works to be performed in a concert, or broadcast on the radio.","Окуу жайында окутулуучу предметтердин, курстардын кыскача мазмуну жана методологиялык көрсөтмөсү.",A summary of the subjects and courses taught at the school and a methodological guide.,,#VALUE!,,#VALUE!,,#VALUE!,,#VALUE!,,#VALUE!,,#VALUE!,,#VALUE!
https://tamgasoft.kg/dict/index.php?lfrom=kg&lto=kg&word=президент,президент,president,"Республикалык мамлекеттин, ошондой эле кээ бир ири илимий мекемелердин шайланган жетекчиси, башчысы.","The elected head of the republican state, as well as the head of some major scientific institutions.",,#VALUE!,,#VALUE!,,#VALUE!,,#VALUE!,,#VALUE!,,#VALUE!,,#VALUE!,,#VALUE!,,#VALUE!,,#VALUE!
https://el-sozduk.kg/pikir-11/,пикир,opinion,"Бир нерсе жөнүндөгү ой, көз караш, кандайдыр бир нерсеге өзүнүн көз карашын билдирип айткан сөз.","An opinion, a point of view, a statement expressing one's point of view on something.",,#VALUE!,,#VALUE!,,#VALUE!,,#VALUE!,,#VALUE!,,#VALUE!,,#VALUE!,,#VALUE!,,#VALUE!,,#VALUE!
https://tamgasoft.kg/dict/index.php?lfrom=kg&lto=kg&word=паспорт,паспорт,passport,"Кишинин ким экендигин, граждандыгын күбөлөөчү документ.",A document certifying a person's identity and citizenship.,Машиналардын ж. б. чарба жабдыктарынын каттоодон өткөзүлгөндүгүн билдирүүчү документ.,"A document confirming the registration of machinery, etc., farm equipment.",,#VALUE!,,#VALUE!,,#VALUE!,,#VALUE!,,#VALUE!,,#VALUE!,,#VALUE!,,#VALUE!,,#VALUE!
https://tamgasoft.kg/dict/index.php?lfrom=kg&lto=kg&word=партия,партия,party,"Кандайдыр бир таптын уюмдашкан жогорку формасы болуп, ошол таптын бир кыйла активдүү бөлүгүн түзгөн, анын таламын жактап жана душман таптарга каршы жүргүзгөн күрөшүнө жетекчилик кылуучу саясий уюм.","A political organization that is the highest organized form of a class, constitutes a more active part of that class, defends its interests and leads its struggle against hostile classes.",Партиянын мүчөсү.,Party member.,"Белгилүү бир максатта биримдешкен же бириктирилген адамдардын тобу, отряд.","A group of people united or united for a specific purpose, a detachment.","Белгилүү бир өлчөмдөгү, көбүнчө көбүрөөк сандагы товарлардын, нерселердин тобу.","A group of goods or things of a certain size, often in larger quantities.",Көп үндүү музыкалык чыгарманын бир инструмент же киши тарабынан аткарылган айрым бөлүгү.,A part of a polyphonic musical work performed by a single instrument or person.,"Бир жолку ойнолгон оюн, бир саам оюн.","A one-time game, a one-time game.",,#VALUE!,,#VALUE!,,#VALUE!,,#VALUE!,,#VALUE!
https://tamgasoft.kg/dict/index.php?lfrom=kg&lto=kg&word=парламент,парламент,parliament,Мамлекеттин закон чыгаруучу өкүлдүк жогорку чогулушу.,The state's highest legislative representative assembly.,,#VALUE!,,#VALUE!,,#VALUE!,,#VALUE!,,#VALUE!,,#VALUE!,,#VALUE!,,#VALUE!,,#VALUE!,,#VALUE!
https://el-sozduk.kg/paydalanuu-9/,пайдалануу,use,бир нерсени колдонуу иш-аракети же анын бир максат үчүн колдонулуу абалы,the act of using something or the state of being used for a purpose,,#VALUE!,,#VALUE!,,#VALUE!,,#VALUE!,,#VALUE!,,#VALUE!,,#VALUE!,,#VALUE!,,#VALUE!,,#VALUE!
https://tamgasoft.kg/dict/index.php?lfrom=kg&lto=kg&word=өмүр,өмүр,life,"Адамдын, айбандын жана өсүмдүктүн жаралгандан өлгөнгө чейинки физиологиялык абалы.","The physiological state of a human, animal, and plant from birth to death.","Турмуш, тиричилик.","Life, livelihood.",,#VALUE!,,#VALUE!,,#VALUE!,,#VALUE!,,#VALUE!,,#VALUE!,,#VALUE!,,#VALUE!,,#VALUE!
https://tamgasoft.kg/dict/index.php?lfrom=kg&lto=kg&word=өлкө,өлкө,the country,"Белгилүү бир жер, территория, аймак, край.","A specific place, territory, area, region.",Мамлекет.,The state.,,#VALUE!,,#VALUE!,,#VALUE!,,#VALUE!,,#VALUE!,,#VALUE!,,#VALUE!,,#VALUE!,,#VALUE!
https://tamgasoft.kg/dict/index.php?lfrom=kg&lto=kg&word=өкүл,өкүл,representative,"Белгилүү мамлекеттин, мекеменин, топтун же адамдардын кызыкчылыгын көздөөчү же ошолор тарабынан жиберилген киши.","A person who represents or is sent by a specific state, institution, group, or person.",,#VALUE!,,#VALUE!,,#VALUE!,,#VALUE!,,#VALUE!,,#VALUE!,,#VALUE!,,#VALUE!,,#VALUE!,,#VALUE!
https://tamgasoft.kg/dict/index.php?lfrom=kg&lto=kg&word=оору,оору,disease,"Дарт, кесел, табы жоктук.","Disease, sickness, and illness.","Сыркоо, ноокас, оорулуу.","Sick, sick, sick.",,#VALUE!,,#VALUE!,,#VALUE!,,#VALUE!,,#VALUE!,,#VALUE!,,#VALUE!,,#VALUE!,,#VALUE!
https://tamgasoft.kg/dict/index.php?lfrom=kg&lto=kg&word=ой,ой,thought,Ойлоо процесси; акыл жүгүртүп ойлонулган ниет.,The process of thinking; a deliberate intention.,"Ойлоо продуктусу, пикир.","A product of thought, an opinion.",,#VALUE!,,#VALUE!,,#VALUE!,,#VALUE!,,#VALUE!,,#VALUE!,,#VALUE!,,#VALUE!,,#VALUE!
https://tamgasoft.kg/dict/index.php?lfrom=kg&lto=kg&word=нике,нике,marriage,Үйлөнүү актысы; үйлөнүү ырым-жырымы.,The act of marriage; the rite of marriage.,,#VALUE!,,#VALUE!,,#VALUE!,,#VALUE!,,#VALUE!,,#VALUE!,,#VALUE!,,#VALUE!,,#VALUE!,,#VALUE!
https://tamgasoft.kg/dict/index.php?lfrom=kg&lto=kg&word=негиз,негиз,basis,"Кандайдыр бир нерсенин, курулуштун ж.б. таяныч болгон бөлүгү.","The supporting part of something, a structure, etc.","Бир нерсенин негизги мааниси, башкы жоболору, уюткусу. ","The main meaning, main principles, essence of something.",,#VALUE!,,#VALUE!,,#VALUE!,,#VALUE!,,#VALUE!,,#VALUE!,,#VALUE!,,#VALUE!,,#VALUE!
https://tamgasoft.kg/dict/index.php?lfrom=kg&lto=kg&word=мыйзам,мыйзам,the law,Закон,Law,Күз болгондо жел менен кошо учкан ак түстүү желе сыяктуу үлпүлдөк нерсе.,It's a fluffy white thing that flies with the wind in autumn.,,#VALUE!,,#VALUE!,,#VALUE!,,#VALUE!,,#VALUE!,,#VALUE!,,#VALUE!,,#VALUE!,,#VALUE!
https://el-sozduk.kg/mucho-11/,мүчө,member,"Адамдын денесинин бөлүктөрү (көбүнчө кол, бут жөнүндө). ",Parts of the human body (usually arms and legs).,"Бүткүл дене, дене түзүлүшү.","The whole body, the body structure."," Кандайдыр бир уюмдун, коомдун, адамдардын тобунун курамына кирген киши. ","A person who is part of an organization, society, or group of people.","грамм. Сүйлөмдүн составдык бөлүктөрү (ээ, баяндооч, айкындооч).","Grammar. Parts of speech (subject, predicate, declarative).",грам. Өз алдынча колдонулбаган жана лексикалык мааниге ээ боло албаган сөз өзгөртүүчү жана сөз жасоочу морфема.,Gram. A word-modifying and word-forming morpheme that is not used independently and cannot have lexical meaning.,"Өлүккө келген уруу өкүлдөрүнө же сый адамдарга өлгөн адамды эскерүү иретинде берилүүчү белек, үлүш. ",A gift or portion given to family members or dignitaries who come to the funeral in memory of the deceased.,,#VALUE!,,#VALUE!,,#VALUE!,,#VALUE!,,#VALUE!
https://tamgasoft.kg/dict/index.php?lfrom=kg&lto=kg&word=мүмкүнчүлүк,мүмкүнчүлүк,opportunity,"Бир ишти аткаруу, орундоо үчүн мүмкүн болгон шарт, абал, жагдай, кырдаал.","A condition, situation, circumstance, situation that makes it possible to perform or accomplish a task.",,#VALUE!,,#VALUE!,,#VALUE!,,#VALUE!,,#VALUE!,,#VALUE!,,#VALUE!,,#VALUE!,,#VALUE!,,#VALUE!
https://tamgasoft.kg/dict/index.php?lfrom=kg&lto=kg&word=миң,миң,thousand,1000 деген сандын аты жана ошол сан.,The name of the number 1000 and that number.,,#VALUE!,,#VALUE!,,#VALUE!,,#VALUE!,,#VALUE!,,#VALUE!,,#VALUE!,,#VALUE!,,#VALUE!,,#VALUE!
https://el-sozduk.kg/mektep-12/,мектеп,the school,Жаш жеткинчектерге билим жана тарбия берүү ишин жүргүзүүчү окуу-тарбия мекемеси.,An educational institution that provides education and training to young people.,Белгилүү адистерди даярдап чыгаруучу окуу жайы.,An educational institution that trains well-known specialists.,"Башынан өткөргөн окуя, тажрыйба.","An event, an experience.","Илимдин, искусствонун, адабияттын ж. б. коомдук аң-сезимдин бир формасындагы багыт, агым.","A trend or current in a form of social consciousness in science, art, literature, etc.",,#VALUE!,,#VALUE!,,#VALUE!,,#VALUE!,,#VALUE!,,#VALUE!,,#VALUE!
https://tamgasoft.kg/dict/index.php?lfrom=kg&lto=kg&word=маселе,маселе,the problem,"Чечилишин талап кылып турган милдет, абал; чечилиши керек болгон проблема.",A task or situation that requires a solution; a problem that needs to be solved.,"Кээ бир маалыматтар келтирилип, ошонун иегизинде белгилүү жолдорду колдонуп чыгарууну талап кылган эсеп.",A calculation that requires some information to be provided and then to be derived using certain methods.,,#VALUE!,,#VALUE!,,#VALUE!,,#VALUE!,,#VALUE!,,#VALUE!,,#VALUE!,,#VALUE!,,#VALUE!
https://tamgasoft.kg/dict/index.php?lfrom=kg&lto=kg&word=мамлекет,мамлекет,state,Максаты ошол үстөмдүк кылып турган бийлигин сактоо жана башка таптардын каршылыгын басуу болгон өлкөдөгү үстөмдүк кылып турган таптын саясий уюму жана ушундай саясий уюму бар өлкө.,"The political organization of the ruling class in a country, whose goal is to maintain its dominant power and suppress the opposition of other classes, and the country in which such a political organization exists.",,#VALUE!,,#VALUE!,,#VALUE!,,#VALUE!,,#VALUE!,,#VALUE!,,#VALUE!,,#VALUE!,,#VALUE!,,#VALUE!
https://tamgasoft.kg/dict/index.php?lfrom=kg&lto=kg&word=макулдук,макулдук,consent,"Макул болгондук, кабыл алгандык, туура тапкандык.","We agreed, we accepted, we found it right.",,#VALUE!,,#VALUE!,,#VALUE!,,#VALUE!,,#VALUE!,,#VALUE!,,#VALUE!,,#VALUE!,,#VALUE!,,#VALUE!
https://el-sozduk.kg/mazmun--2/,мазмун,content,Нерсенин ички маңызы; айтылуучу же билдирилүүчү негизги пикир.,The inner essence of something; the main idea being expressed or conveyed.,"Китептин, чыгарманын идеялык-тематикалык мааниси.",The ideological and thematic significance of a book or work.,,#VALUE!,,#VALUE!,,#VALUE!,,#VALUE!,,#VALUE!,,#VALUE!,,#VALUE!,,#VALUE!,,#VALUE!
https://tamgasoft.kg/dict/index.php?lfrom=kg&lto=kg&word=маданият,маданият,culture,"Өндүрүштүк, коомдук, акыл-эс билим жагынан адам баласынын жетишкен ийгиликтеринин жыйындысы.","The sum of human achievements in terms of industrial, social, and intellectual knowledge.","Маалыматтуулук, билимдүүлүк, маданияттуу адамдарга таандык жүрүш-туруш, адептүүлүк.","Awareness, education, behavior, and decency characteristic of cultured people.",,#VALUE!,,#VALUE!,,#VALUE!,,#VALUE!,,#VALUE!,,#VALUE!,,#VALUE!,,#VALUE!,,#VALUE!
https://tamgasoft.kg/dict/index.php?lfrom=kg&lto=kg&word=маани,маани,meaning,"Ички логикалык мазмун, акыл-ой менен түшүнөрлүк ички маңыз, касиет.","Internal logical content, an inner essence, a property that can be understood with reason.",,#VALUE!,,#VALUE!,,#VALUE!,,#VALUE!,,#VALUE!,,#VALUE!,,#VALUE!,,#VALUE!,,#VALUE!,,#VALUE!
https://tamgasoft.kg/dict/index.php?lfrom=kg&lto=kg&word=маалымат,маалымат,information,Билим.,Education.,"Жыйналган, алынган кабар, топтолгон кабарлардын, билдирүүлөрдүн жыйындысы.","A collection of collected, received news, accumulated news, and messages.",,#VALUE!,,#VALUE!,,#VALUE!,,#VALUE!,,#VALUE!,,#VALUE!,,#VALUE!,,#VALUE!,,#VALUE!
https://el-sozduk.kg/kuch--3/,күч,power,"ирүү жандыктардын булчуңдарын кыймылга келтирүү аркылуу аракеттенүү мүмкүнчүлүгү, адамдын (жандыктын) алы, дарманы, кубаты, бир нерсе кылууга, иштөөгө жарамдуулугу.","The ability of living beings to act by moving their muscles, the strength, power, and ability of a person (creature) to do something or work.","Адамдын акыл-ой ишине жөндөмдүүлүгү, шыгы.",A person's intellectual ability and talent.,"Ишти, жумушту аткаруу жөндөмдүүлүгү.","Ability to perform work, job.","Укук, укуктуулук, таасирдүүлүк.","Right, entitlement, influence.","Бийлик, кудурет, таасир.","Authority, power, influence.","Мүмкүнчүлүк, шарт, чама. ","Possibility, condition, possibility.","Кандайдыр бир ишкердүүлүктүн, күчтүүлүктүн, таасирдин булагы.","A source of some kind of entrepreneurship, strength, and influence.",Өз ишинде кандайдыр бир мүнөздүү өзгөчөлүктөргө же багытка ээ болгон коомдун бөлүгү.,A section of society that has certain characteristic features or orientation in its work.,"Аскерлер, кандайдыр бир өндүрүштүк коллективге бириккен адамдар тобу, бирдей кесиптеги адамдар.","Soldiers are a group of people united in some kind of production collective, people of the same profession.","Эмгек, кызмат, жардам.","Work, service, help.","Өтө көп, күчтүү, кыйын, катуу.","Too much, strong, difficult, hard."
https://el-sozduk.kg/kun-18/,күнү,day,"Жер жана башка планеталар тегерегинде айланып жүрүүчү, өзүнөн жарык нур, жылуулук таратып, негизги жана борбордук планета катарында эсептелүүчү асман телосу.","A celestial body that orbits the Earth and other planets, emits light and heat, and is considered the main and central planet.","Эртеден кечке чейинки сутканын бир бөлүгү, таң аткандан караңгы киргенге чейинки мезгил.","The part of the day from morning to evening, the period from dawn to dusk.","Сутка, 24 саатты ичине алган мезгил.",A day is a period of time that includes 24 hours.,"Жалпы эле мезгил, кандайдыр бир окуяларды, белгилүү бир учурларды, жыл мезгилин ичине алган убакыт.","A general period of time, a period that includes certain events, specific occasions, and seasons.","Жашоо абалы, жан сактоо, өмүр сүрүү шарты, оокат-тиричилик, турмуш.","Living conditions, livelihood, living conditions, livelihood, life.","Мүчөлдүк тарых, айдын белгилүү катар саны, кандайдыр бир окуяга, салтанатты белгилөөгө арналган дата.","Membership history, a specific number of the month, a date dedicated to an event or celebration.","Жаан-чачын, тумандуулук, абанын температурасы сыяктуу атмосферанын ал абалы, аба ырайы.","Weather is the state of the atmosphere, such as precipitation, fog, and air temperature.",,#VALUE!,,#VALUE!,,#VALUE!,,#VALUE!
https://el-sozduk.kg/kun-18/,күн,a day,"Жер жана башка планеталар тегерегинде айланып жүрүүчү, өзүнөн жарык нур, жылуулук таратып, негизги жана борбордук планета катарында эсептелүүчү асман телосу.","A celestial body that orbits the Earth and other planets, emits light and heat, and is considered the main and central planet.","Эртеден кечке чейинки сутканын бир бөлүгү, таң аткандан караңгы киргенге чейинки мезгил.","The part of the day from morning to evening, the period from dawn to dusk.","Сутка, 24 саатты ичине алган мезгил.",A day is a period of time that includes 24 hours.,"Жалпы эле мезгил, кандайдыр бир окуяларды, белгилүү бир учурларды, жыл мезгилин ичине алган убакыт.","A general period of time, a period that includes certain events, specific occasions, and seasons.","Жашоо абалы, жан сактоо, өмүр сүрүү шарты, оокат-тиричилик, турмуш.","Living conditions, livelihood, living conditions, livelihood, life.","Мүчөлдүк тарых, айдын белгилүү катар саны, кандайдыр бир окуяга, салтанатты белгилөөгө арналган дата.","Membership history, a specific number of the month, a date dedicated to an event or celebration.","Жаан-чачын, тумандуулук, абанын температурасы сыяктуу атмосферанын ал абалы, аба ырайы.","Weather is the state of the atmosphere, such as precipitation, fog, and air temperature.",,#VALUE!,,#VALUE!,,#VALUE!,,#VALUE!
https://el-sozduk.kg/kyrsyk-6/,кырсык,accident,"Күтүүсүздөн болгон жамандык, кыйынчылык.",Unexpected misfortune and trouble.,,#VALUE!,,#VALUE!,,#VALUE!,,#VALUE!,,#VALUE!,,#VALUE!,,#VALUE!,,#VALUE!,,#VALUE!,,#VALUE!
ОПРЕДЕЛЕНИЕ НЕ НАЙДЕНО,кыргыз,Kyrgyz,"Бул - Кыргызстан калкынын көпчүлүгүн түзгөн, Борбордук Азиянын ушул эле аталыштагы түрк элинин өкүлү.","This is a representative of the Turkic people of the same name in Central Asia, which make up the majority of the population of Kyrgyzstan.",,#VALUE!,,#VALUE!,,#VALUE!,,#VALUE!,,#VALUE!,,#VALUE!,,#VALUE!,,#VALUE!,,#VALUE!,,#VALUE!
https://tamgasoft.kg/dict/index.php?lfrom=kg&lto=kg&word=кылмыш,кылмыш,crime,"Законго каршы иштелген иш, терс иш, күнөө, айып.","An act committed against the law, a negative act, a sin, a crime.",,#VALUE!,,#VALUE!,,#VALUE!,,#VALUE!,,#VALUE!,,#VALUE!,,#VALUE!,,#VALUE!,,#VALUE!,,#VALUE!
https://el-sozduk.kg/kyzykchylyk--2/,кызыкчылык,interest,"Жакшы көргөндүк, ысыктык.","Good looks, warmth.",Бирөөнүн пайдасын же белгилүү бир пайданы көздөгөн максат. ,A goal that aims at someone's benefit or a specific benefit.,,#VALUE!,,#VALUE!,,#VALUE!,,#VALUE!,,#VALUE!,,#VALUE!,,#VALUE!,,#VALUE!,,#VALUE!
https://tamgasoft.kg/dict/index.php?lfrom=kg&lto=kg&word=кызмат,кызмат,service,"Белгилүү өлчөмдөгү акы үчүн акыл эмгегинин же күч эмгегинин кандайдыр бир тейлөө жумуштарына байланыштуу болгон айрым тармагында иштелген иш, кесип.","A job or profession performed in a particular field of intellectual or physical labor, related to some service work, for a certain amount of pay.","Эмгек, жумуш, иш.","Labor, work, work.","Бирөө үчүн иштелген иш, бирөөгө кылган жакшылык, пайда, жардам ж. б. аракет.","An act done for someone, a favor, benefit, help, etc. done to someone.",,#VALUE!,,#VALUE!,,#VALUE!,,#VALUE!,,#VALUE!,,#VALUE!,,#VALUE!,,#VALUE!
https://tamgasoft.kg/dict/index.php?lfrom=kg&lto=kg&word=күн,күн,a day,"Жер жана башка планеталар тегерегинде айланып жүрүүчү, жылуулук, жарык таратуучу асман телосу.",A celestial body that orbits the Earth and other planets and emits heat and light.,Эртеден кечке чейинки сутканын бир бөлүгү.,Part of the day from morning to evening.,"Сутка, 24 саатты ичине алган мезгил.",A day is a period of time that includes 24 hours.,"Убакыт, мезгил, учур.","Time, season, occasion.","Турмуш, тиричилик, жашоо, абал.","Life, livelihood, existence, situation.","Календарлык дата, айдын белгилүү бир числосу; кандайдыр бир окуяга арналган дата.","A calendar date, a specific number of the month; a date dedicated to some event.","Аба ырайы, жаан-чачын.","Weather, precipitation.","Аба ырайы, жаан-чачын.","Weather, precipitation.",,#VALUE!,,#VALUE!,,#VALUE!
https://tamgasoft.kg/dict/index.php?lfrom=kg&lto=kg&word=коррупция,коррупция,corruption,"Кызматкердин укугун жеке кызыкчылыгына пайдалануусу, пара алуусу, парага сатылып кетиши.","Abuse of an employee's rights for personal gain, bribery, or bribery.",,#VALUE!,,#VALUE!,,#VALUE!,,#VALUE!,,#VALUE!,,#VALUE!,,#VALUE!,,#VALUE!,,#VALUE!,,#VALUE!
https://tamgasoft.kg/dict/index.php?lfrom=kg&lto=kg&word=коргоо,коргоо,protection,"Сактоо, коруу.","To preserve, to watch.",,#VALUE!,,#VALUE!,,#VALUE!,,#VALUE!,,#VALUE!,,#VALUE!,,#VALUE!,,#VALUE!,,#VALUE!,,#VALUE!
https://tamgasoft.kg/dict/index.php?lfrom=kg&lto=kg&word=коргонуу,коргонуу,defense,"мамлекетти куралдуу колсалуудан коргоого даярдыкты камсыз кылуу же КРдин калкын, аймагын жана эгемендүүлүгүн коргоо боюнча саясий, экономикалык, аскердик, социалдык, укуктук ж. б. чаралардын тутуму.","A system of political, economic, military, social, legal, etc. measures to ensure readiness to defend the state from armed attack or to protect the population, territory, and sovereignty of the Kyrgyz Republic.",,#VALUE!,,#VALUE!,,#VALUE!,,#VALUE!,,#VALUE!,,#VALUE!,,#VALUE!,,#VALUE!,,#VALUE!,,#VALUE!
https://tamgasoft.kg/dict/index.php?lfrom=kg&lto=kg&word=коопсуздук,коопсуздук,security,"Коркунучсуздук, шек санабастык, шектүү эместик. Кооп санабагандык, кооптуу эместик.","Fearlessness, lack of doubt, lack of suspicion. Not being afraid, not being dangerous.",,#VALUE!,,#VALUE!,,#VALUE!,,#VALUE!,,#VALUE!,,#VALUE!,,#VALUE!,,#VALUE!,,#VALUE!,,#VALUE!
https://tamgasoft.kg/dict/index.php?lfrom=kg&lto=kg&word=коом,коом,society,"Адамдардын материалдык турмуштагы конкреттүү-тарыхый шарттар аркылуу биригишкен, бирге болгон тобу.",A group of people united and united by specific historical conditions in material life.,Белгилүү доордогу тарыхый-экономикалык түзүлүш жана анын өзүнө ылайык келген надстройкасы.,The historical and economic structure of a given era and its corresponding superstructure.,"Теги, социалдык абалы, кызыкчылыгы ж. б. жактары боюнча белгилүү жалпылыкта болгон адамдар чөйрөсү.","A circle of people who have certain things in common, such as their origin, social status, interests, etc.","Иши, алдыга койгон милдеттери боюнча чогуу болгон адамдар бирикмеси; мекеме.",An association of people who come together for a common purpose; an institution.,,#VALUE!,,#VALUE!,,#VALUE!,,#VALUE!,,#VALUE!,,#VALUE!,,#VALUE!
https://tamgasoft.kg/dict/index.php?lfrom=kg&lto=kg&word=колдоо,колдоо,to support,"акча же керектүү нерселер менен камсыз кылып, багуу же күтүү иш-аракети","the act of providing, caring for, or looking after someone by providing them with money or necessary things",,#VALUE!,,#VALUE!,,#VALUE!,,#VALUE!,,#VALUE!,,#VALUE!,,#VALUE!,,#VALUE!,,#VALUE!,,#VALUE!
https://tamgasoft.kg/dict/index.php?lfrom=kg&lto=kg&word=кесип,кесип,profession,"Адистикти, жөндөмдүүлүктү талап кылуучу белгилүү иш тармагы же белгилүү багыт менен өнүктүрүлүп отурган ишмердүүлүк, профессия.","A profession is a specific field of work or activity that is developing in a specific direction, requiring expertise and skill.",,#VALUE!,,#VALUE!,,#VALUE!,,#VALUE!,,#VALUE!,,#VALUE!,,#VALUE!,,#VALUE!,,#VALUE!,,#VALUE!
https://tamgasoft.kg/dict/index.php?lfrom=kg&lto=kg&word=кеңеш,кеңеш,advice,"Акыл, насаат.","Wisdom, advice.","Айтылган сөз, болгон сөз, сыр.","A spoken word, a spoken word, a secret.",Совет.,Soviet.,,#VALUE!,,#VALUE!,,#VALUE!,,#VALUE!,,#VALUE!,,#VALUE!,,#VALUE!,,#VALUE!
https://tamgasoft.kg/dict/index.php?lfrom=kg&lto=kg&word=келишим,келишим,agreement,"Бир нерсени аткаруу үчүн макулдашылган бүтүм, чечим, договор.","An agreement, decision, contract agreed upon to accomplish something.","Келбет, сымбат, көрк, жарашык.","Handsome, graceful, beautiful, graceful.",,#VALUE!,,#VALUE!,,#VALUE!,,#VALUE!,,#VALUE!,,#VALUE!,,#VALUE!,,#VALUE!,,#VALUE!
"ОПРЕДЕЛЕНИЕ НЕ НАЙДЕНО, СТОИТ ВЗЯТЬ ИЗ РУССКОГО СЛОВАРЯ И ПЕРЕВЕСТИ С ПОМОЩЬЮ CHATGPT",категория,category,белгилүү бир жалпы мүнөздөмөлөргө ээ деп эсептелген адамдардын же нерселердин классы же тобу,a class or group of people or things considered to have certain common characteristics,,#VALUE!,,#VALUE!,,#VALUE!,,#VALUE!,,#VALUE!,,#VALUE!,,#VALUE!,,#VALUE!,,#VALUE!,,#VALUE!
https://tamgasoft.kg/dict/index.php?lfrom=kg&lto=kg&word=каражат,каражат,means,"Жумшала турган акча, байлык.","Money to be spent, wealth.","Кандайдыр бир иштерди иштөөгө, иш жүзүнө ашырууга арналып жасалган предметтердин, куралдардын ж. б. жалпы жыйындысы, аталышы.","The general name for a collection of objects, tools, etc., designed to perform or carry out some work.",,#VALUE!,,#VALUE!,,#VALUE!,,#VALUE!,,#VALUE!,,#VALUE!,,#VALUE!,,#VALUE!,,#VALUE!
https://tamgasoft.kg/dict/index.php?lfrom=kg&lto=kg&word=калк,калк,population,Эл.,People.,,#VALUE!,,#VALUE!,,#VALUE!,,#VALUE!,,#VALUE!,,#VALUE!,,#VALUE!,,#VALUE!,,#VALUE!,,#VALUE!
https://tamgasoft.kg/dict/index.php?lfrom=kg&lto=kg&word=кайрылуу,кайрылуу,appeal to,бир нерсенин пайда болушу,the emergence of something,,#VALUE!,,#VALUE!,,#VALUE!,,#VALUE!,,#VALUE!,,#VALUE!,,#VALUE!,,#VALUE!,,#VALUE!,,#VALUE!
https://tamgasoft.kg/dict/index.php?lfrom=kg&lto=kg&word=кадыр,кадыр,dignity,"Барк, урмат, сый, авторитет.","Honor, respect, honor, authority.",,#VALUE!,,#VALUE!,,#VALUE!,,#VALUE!,,#VALUE!,,#VALUE!,,#VALUE!,,#VALUE!,,#VALUE!,,#VALUE!
https://tamgasoft.kg/dict/index.php?lfrom=kg&lto=kg&word=кадр,кадр,frame,Фотоплёнкага же киноплёнкага түшүрүлгөн айрым сүрөт.,Some images captured on film or film reel.,Кинофильмдеги айрым бир эпизод же көрүнүш.,A particular episode or scene in a movie.,Тынчтык мезгилинде да демобилизацияланбаган аскер бөлүктөрүнүн туруктуу составы.,A permanent composition of military units that have not been demobilized even in peacetime.,"Партиялык жана профсоюздук уюмдарда, ишканаларда, мекемелерде даярдалган кызматкерлердин негизги составы.","The main composition of employees trained in party and trade union organizations, enterprises, and institutions.",,#VALUE!,,#VALUE!,,#VALUE!,,#VALUE!,,#VALUE!,,#VALUE!,,#VALUE!
https://tamgasoft.kg/dict/index.php?lfrom=kg&lto=kg&word=кабар,кабар,news,"Бир окуя, иш ж.б. жөнүндө айтылган же жазылган билдирүү, маалымат.","A statement or information spoken or written about an event, action, etc.","Дайын, дарек.","Okay, address.",,#VALUE!,,#VALUE!,,#VALUE!,,#VALUE!,,#VALUE!,,#VALUE!,,#VALUE!,,#VALUE!,,#VALUE!
https://tamgasoft.kg/dict/index.php?lfrom=kg&lto=kg&word=июнь,июнь,June,Календардык жылдын алтынчы айы.,The sixth month of the calendar year.,,#VALUE!,,#VALUE!,,#VALUE!,,#VALUE!,,#VALUE!,,#VALUE!,,#VALUE!,,#VALUE!,,#VALUE!,,#VALUE!
https://tamgasoft.kg/dict/index.php?lfrom=kg&lto=kg&word=иш,иш,the work,"Жумуш, күч жумшап иштелүүчү жумуш; чыгармачылык эмгек.","Work, laborious work; creative work.","Кызмат, кызмат абалы.","Service, service status.","Администрациялык, сот органдары тарабынан карала турган маселе, факт; сот процесси.","A matter, fact, to be considered by administrative or judicial authorities; judicial process.",,#VALUE!,,#VALUE!,,#VALUE!,,#VALUE!,,#VALUE!,,#VALUE!,,#VALUE!,,#VALUE!
https://tamgasoft.kg/dict/index.php?lfrom=kg&lto=kg&word=илим,илим,science,"Коомдун жана жаратылыштын өнүгүшүндөгү закон ченемдүүлүгүн жана айлана-чөйрөгө таасир кылуу жолдорун ачуучу билимдердин, маалыматтардын системасы жана анын айрым бир тармагы.","A system of knowledge and information that reveals the laws and regulations in the development of society and nature and the ways to influence the environment, and its individual branches.","Билим, маалымат.","Knowledge, information.",,#VALUE!,,#VALUE!,,#VALUE!,,#VALUE!,,#VALUE!,,#VALUE!,,#VALUE!,,#VALUE!,,#VALUE!
https://tamgasoft.kg/dict/index.php?lfrom=kg&lto=kg&word=зыян,зыян,damage,"Кандайдыр бир нерсеге же ишке келтирилген кесепет, залал, бузулууга, чыгымга ж. б. кириптер болгондук, тескери таасир.","The consequence, damage, disruption, loss, etc. caused by something or an action, the adverse effect.",,#VALUE!,,#VALUE!,,#VALUE!,,#VALUE!,,#VALUE!,,#VALUE!,,#VALUE!,,#VALUE!,,#VALUE!,,#VALUE!
https://tamgasoft.kg/dict/index.php?lfrom=kg&lto=kg&word=жыныс,жыныс,gender,"Адамдын жана айбандардын эркек, ургаачылык бөлүнүшү, ушундай бөлүнүштүн жалпы белгилери.","The division of man and animals into male and female, and the general characteristics of such division.",,#VALUE!,,#VALUE!,,#VALUE!,,#VALUE!,,#VALUE!,,#VALUE!,,#VALUE!,,#VALUE!,,#VALUE!,,#VALUE!
https://tamgasoft.kg/dict/index.php?lfrom=kg&lto=kg&word=жыл,жыл,year,"Жердин Күндү бир айланып чыккан мезгили, 1-январдан баштап эсептелген он эки айлык убакыт өлчөмү.","The period of time it takes the Earth to orbit the Sun, a twelve-month period counted from January 1.",Белгилүү бир күндөн тартып эсептегенде он эки айга толгон убакыт эсеби.,A period of twelve months counted from a specific date.,"Айбандардын аты менен аталган, акыркысы бүткөндөн кийин кайра баштан эсептеле берүүчү жана он экиси бир мүчөлдү түзө турган төмөнкү тартиптеги жыл эсеби: 1) чычкан, 2) уй, 3) барс, 4) коён, 5) улуу, 6) жылан, 7) жылкы, 8) кой, 9) мечин, 10) тоок, 11) ит, 12) доңуз.","The year is named after animals, and is counted from the beginning after the last one is finished, and the twelve make up one member in the following order: 1) mouse, 2) cow, 3) leopard, 4) rabbit, 5) lion, 6) snake, 7) horse, 8) sheep, 9) goat, 10) chicken, 11) dog, 12) pig.",,#VALUE!,,#VALUE!,,#VALUE!,,#VALUE!,,#VALUE!,,#VALUE!,,#VALUE!,,#VALUE!
https://tamgasoft.kg/dict/index.php?lfrom=kg&lto=kg&word=жумуш,жумуш,a job,"Бир кишинин же көпчүлүктүн кандайдыр бир максат менен аткарган иши, эмгеги, кызматы; иштөө процесси.","The work, labor, service performed by one person or many people for some purpose; the process of working.",,#VALUE!,,#VALUE!,,#VALUE!,,#VALUE!,,#VALUE!,,#VALUE!,,#VALUE!,,#VALUE!,,#VALUE!,,#VALUE!
https://tamgasoft.kg/dict/index.php?lfrom=kg&lto=kg&word=жетим,жетим,orphan,Ата-энеси же алардын бири өлүп калган бала же жаш айбан.,A child or young animal whose parents or one of them has died.,,#VALUE!,,#VALUE!,,#VALUE!,,#VALUE!,,#VALUE!,,#VALUE!,,#VALUE!,,#VALUE!,,#VALUE!,,#VALUE!
https://tamgasoft.kg/dict/index.php?lfrom=kg&lto=kg&word=жер,жер,land,Күндү тегерете жана өзүнүн огунда айлануучу Күндөн кийинки үчүнчү планета.,The third planet after the Sun to orbit the Sun and rotate on its axis.,"Кургактык (океан, деңиз ж.б. сууларга карама-каршы түшүнүктө).","Land (as opposed to water such as oceans, seas, etc.).","Биздин планетабыздын үстүнкү бети, үстүнкү катмары; кыртыш, топурак.","The upper surface, upper layer of our planet; soil, soil.","Айдоо, жайыт ж.б. катарында пайдаланылган белгилүү аянт, участок.","A specific area, plot, used for arable land, pasture, etc.","Өлкө, мамлекет, мекен.","Country, state, homeland.","Орун, жай; аралык.","Place, space; distance.",Дененин айрым бөлүгү.,Some part of the body.,Дененин айрым бөлүгү.,Some part of the body.,,#VALUE!,,#VALUE!,,#VALUE!
https://tamgasoft.kg/dict/index.php?lfrom=kg&lto=kg&word=жаш,жаш,young,"Дүүлүккөн, ооруксунган абалда же ыйлаганда көздөгү бездер аркылуу бөлүнүп чыгуучу тунук жана туздуураак келген суу сыяктуу суюктук.","A clear, saltier, water-like fluid secreted by glands in the eyes during eye strain, pain, or crying.","Адамдын өмүрүн жыл боюнча эсептөө ченеми, өмүр чени.","The measure of a person's life span in years, life expectancy.","Өсүп келе жаткан, өсүп жетиле элек, токтоло элек, кары эмес (адам жөнүндө).","Growing, not yet mature, not yet old (about a person).","Быша элек, жетиле элек, толо элек","Not ripe, not mature, not full",Жаңы.,New.,,#VALUE!,,#VALUE!,,#VALUE!,,#VALUE!,,#VALUE!,,#VALUE!
https://tamgasoft.kg/dict/index.php?lfrom=kg&lto=kg&word=жардам,жардам,help,"Кол кабыш, көмөк.","Help, support.",,#VALUE!,,#VALUE!,,#VALUE!,,#VALUE!,,#VALUE!,,#VALUE!,,#VALUE!,,#VALUE!,,#VALUE!,,#VALUE!
"https://el-sozduk.kg/zharandyk-i-2/
https://el-sozduk.kg/zharandyk-ii-/",жарандык,civil,Жаран катары тигил же бул мамлекетке таандык болуу абалы.,The state of belonging to a particular country as a citizen.,Жарандардын укуктук абалына байланыштуу жарандык мыйзамдар.,Civil laws related to the legal status of citizens.,Өзүн тигил же бул мамлекеттин жараны деп эсептеген адамга мүнөздүү.,It is characteristic of a person who considers himself a citizen of a particular country.,,#VALUE!,,#VALUE!,,#VALUE!,,#VALUE!,,#VALUE!,,#VALUE!,,#VALUE!,,#VALUE!
https://tamgasoft.kg/dict/index.php?lfrom=kg&lto=kg&word=жаран,жаран,citizen,"Достор, дос-туугандар.","Friends, relatives.",Укуктук негизде белгилүү бир мамлекетке таандык адам.,A person who legally belongs to a particular state.,,#VALUE!,,#VALUE!,,#VALUE!,,#VALUE!,,#VALUE!,,#VALUE!,,#VALUE!,,#VALUE!,,#VALUE!
https://tamgasoft.kg/dict/index.php?lfrom=kg&lto=kg&word=жара,жара,wound,"Ар кандай кокустуктардан ириңдеп, шишип же теринин башкача зыяндашынан улам денеде пайда болгон илдет.","A disease that occurs in the body due to various accidents, such as suppuration, swelling, or other damage to the skin.","Кайгы, көңүлгө так калтырган жамандык.",Sadness is a memorable evil.,,#VALUE!,,#VALUE!,,#VALUE!,,#VALUE!,,#VALUE!,,#VALUE!,,#VALUE!,,#VALUE!,,#VALUE!
https://el-sozduk.kg/zhanybar--2/,жаныбар,animal,"Ар кандай айбандар, тирүү жандыктар, жалпы эле айбанаттар дүйнөсүнүн өкүлү.","Various animals, living creatures, and representatives of the animal world in general.","Малга, жер-сууга (көбүнчө малга карата, кээде жерге-сууга, адамдарга карата) таң калуу, жогору баалоо, урматтоо маанисинде айтуудан колдонулат.","It is used to express admiration, high regard, and respect for animals, land, and water (usually in relation to animals, but sometimes in relation to land, water, and people).",,#VALUE!,,#VALUE!,,#VALUE!,,#VALUE!,,#VALUE!,,#VALUE!,,#VALUE!,,#VALUE!,,#VALUE!
https://tamgasoft.kg/dict/index.php?lfrom=kg&lto=kg&word=жаза,жаза,punishment,"Кылмышы үчүн тарта турган айып, кылган кылмышы үчүн колдонулуучу чара.","The penalty for a crime, the measure applied for a crime committed.",,#VALUE!,,#VALUE!,,#VALUE!,,#VALUE!,,#VALUE!,,#VALUE!,,#VALUE!,,#VALUE!,,#VALUE!,,#VALUE!
https://tamgasoft.kg/dict/index.php?lfrom=kg&lto=kg&word=дүйнө,дүйнө,the world,"Аалам, бүт жер жүзү.","The universe, the entire earth.",Дүнүйө.,World.,,#VALUE!,,#VALUE!,,#VALUE!,,#VALUE!,,#VALUE!,,#VALUE!,,#VALUE!,,#VALUE!,,#VALUE!
https://el-sozduk.kg/dolboor--2/,долбоор,project," Имараттын, курулуштун, бир нерсени кайрадан куруунун же даярдоонун, алдын ала даярдалган болжолу, алдын ала түзүлгөн планы. ","A pre-prepared estimate, a pre-established plan for a building, construction, or the reconstruction or preparation of something.",Кандайдыр бир документтин ойлонулган нерсенин кийин толуктоолор же өзгөрүүлөр киргизилиши мүмкүн болгон болжолдуу тексти.,"A draft of a document, a tentative text that may be amended or modified later.",,#VALUE!,,#VALUE!,,#VALUE!,,#VALUE!,,#VALUE!,,#VALUE!,,#VALUE!,,#VALUE!,,#VALUE!
https://tamgasoft.kg/dict/index.php?lfrom=kg&lto=kg&word=добуш,добуш,vote,"Сүйлөгөндө, ырдаганда, кыйкырганда ж.б. учурларда үн түйүнүнүн термелиши аркылуу пайда болгон үн.","The sound produced by the vibration of the vocal cords when speaking, singing, shouting, etc.","Мамлекеттик, коомдук мекемелердин ар кандай маселелерин чечүүдө, шайлоо учурунда адамдардын пикир, ой билдирүү, белгилүү сунушка кошулуу, кошулбоо укугу жана ушундай ой-пикирдин кол көтөрүү, бюллетень салуу ж.б. аркылуу берилген формасы.","The right of people to express their opinions, thoughts, and to agree or disagree with a certain proposal when solving various issues of state and public institutions, and during elections, and the form in which such opinions are expressed through a show of hands, balloting, etc.",,#VALUE!,,#VALUE!,,#VALUE!,,#VALUE!,,#VALUE!,,#VALUE!,,#VALUE!,,#VALUE!,,#VALUE!
https://tamgasoft.kg/dict/index.php?lfrom=kg&lto=kg&word=дин,дин,religion,"Кудайдын бар экендигин, дүйнө кудай тарабынан жаралгандыгын жана жөнгө салынып турарын тастыктап, ушул ишенимдин айланасында белгилүү бир системадагы ырым-жырым, эреже, жоболору иштелип чыккан ишеним.","A belief that affirms the existence of God, that the world was created and is governed by God, and that a specific system of rituals, rules, and regulations has been developed around this belief.",,#VALUE!,,#VALUE!,,#VALUE!,,#VALUE!,,#VALUE!,,#VALUE!,,#VALUE!,,#VALUE!,,#VALUE!,,#VALUE!
https://tamgasoft.kg/dict/index.php?lfrom=kg&lto=kg&word=деңгээл,деңгээл,level,Бир нерсенин мейкиндиктеги болгон чеги.,The limit of something in space.,Даража.,Level.,,#VALUE!,,#VALUE!,,#VALUE!,,#VALUE!,,#VALUE!,,#VALUE!,,#VALUE!,,#VALUE!,,#VALUE!
https://el-sozduk.kg/den-sooluk-4/,ден соолук,health,Саламаттык.,Health.,,#VALUE!,,#VALUE!,,#VALUE!,,#VALUE!,,#VALUE!,,#VALUE!,,#VALUE!,,#VALUE!,,#VALUE!,,#VALUE!
https://tamgasoft.kg/dict/index.php?lfrom=kg&lto=kg&word=дарыгер,дарыгер,doctor,"Аптекарь; дарылоочу адам, врач.","Apothecary; a healer, a doctor.",,#VALUE!,,#VALUE!,,#VALUE!,,#VALUE!,,#VALUE!,,#VALUE!,,#VALUE!,,#VALUE!,,#VALUE!,,#VALUE!
https://tamgasoft.kg/dict/index.php?lfrom=kg&lto=kg&word=далил,далил,evidence,"Аныктык, негиз, аныктоочу факт.","Certainty, basis, defining fact.",,#VALUE!,,#VALUE!,,#VALUE!,,#VALUE!,,#VALUE!,,#VALUE!,,#VALUE!,,#VALUE!,,#VALUE!,,#VALUE!
https://tamgasoft.kg/dict/index.php?lfrom=kg&lto=kg&word=гигиена,гигиена,hygiene,Саламаттык сактоо жөнүндөгү илим жана ушундай максаттын чаралары.,The science of health and measures for this purpose.,,#VALUE!,,#VALUE!,,#VALUE!,,#VALUE!,,#VALUE!,,#VALUE!,,#VALUE!,,#VALUE!,,#VALUE!,,#VALUE!
https://tamgasoft.kg/dict/index.php?lfrom=kg&lto=kg&word=герб,герб,coat of arms,"Мамлекеттин, шаардын, уруунун ж. б. желекке, тууга, акчага ж. б. тартылуучу шарттуу белгиси.","A conventional symbol of a state, city, tribe, etc., depicted on a flag, banner, money, etc.",,#VALUE!,,#VALUE!,,#VALUE!,,#VALUE!,,#VALUE!,,#VALUE!,,#VALUE!,,#VALUE!,,#VALUE!,,#VALUE!
https://tamgasoft.kg/dict/index.php?lfrom=kg&lto=kg&word=бутак,бутак,branch,"Өсүмдүктөрдүн шагы, өзөгүнө жабыша чыккан тарамдары.","The branches of plants, the branches that grow from the stem.","Таралып чыккан бир тукум, жакын тууган.","A widespread lineage, a close relative.","Кандайдыр бир таяныч, тармак, жөлөк.","Some kind of support, network, support.",,#VALUE!,,#VALUE!,,#VALUE!,,#VALUE!,,#VALUE!,,#VALUE!,,#VALUE!,,#VALUE!
https://tamgasoft.kg/dict/index.php?lfrom=kg&lto=kg&word=булак,булак,source,"Башат, жер астынан чыккан суу.","A spring, water that comes from underground.","Бир нерсенин келип чыккан жери, кенчи, негизи.","The place of origin, source, foundation of something.","Жаман суюктук, ириң бөлүнүп чыгуучу кулак оорусу.",An ear infection with bad fluid and pus discharge.,,#VALUE!,,#VALUE!,,#VALUE!,,#VALUE!,,#VALUE!,,#VALUE!,,#VALUE!,,#VALUE!
https://tamgasoft.kg/dict/index.php?lfrom=kg&lto=kg&word=борбор,борбор,center,"Ордонун хан, чүкө салуучу жери (тегерек сызыктын дал ортосу).","The place where the Khan of the Horde, the chief of the army, was placed (exactly in the middle of the circle).","Бир нерсенин чок ортосу, орто бөлүгү; тегеректин борбору.",The center of something; the middle part; the center of a circle.,Өкмөт жана өкмөттүк мекемелер турган мамлекеттин негизги шаары.,"The main city of a country, where the government and government institutions are located.","Бир нерсенин негизи, чордону.","The basis, the center of something.",,#VALUE!,,#VALUE!,,#VALUE!,,#VALUE!,,#VALUE!,,#VALUE!,,#VALUE!
https://tamgasoft.kg/dict/index.php?lfrom=kg&lto=kg&word=билим+берүү,билим берүү,education,Системалуу илимий билимдерди берүү жана алуу процесси.,The process of imparting and acquiring systematic scientific knowledge.,,#VALUE!,,#VALUE!,,#VALUE!,,#VALUE!,,#VALUE!,,#VALUE!,,#VALUE!,,#VALUE!,,#VALUE!,,#VALUE!
https://tamgasoft.kg/dict/index.php?lfrom=kg&lto=kg&word=бийлик,бийлик,power,"Мамлекетти башкаруу укугу, саясий үстөмдүк.","The right to govern the state, political dominance.","Күч, кудурет, кубат, үстөмдүк.","Strength, power, might, dominance.",Бий болгон адамдын мансабы үчүн алына турган салык.,A tax levied on a person's position as a ruler.,"Башкаруу, үстөмдүк, кожоюндук кылуу, моюн сундуруу укугу.","The right to rule, dominate, dominate, and submit.",,#VALUE!,,#VALUE!,,#VALUE!,,#VALUE!,,#VALUE!,,#VALUE!,,#VALUE!
https://el-sozduk.kg/bolum--3/,бөлүм,department,"Көп бөлүктөн турган имараттын, үйдүн, курулуштун ж.б. ички бөлүнгөн бөлүктөрү.","The internal divisions of a multi-part building, house, structure, etc.","Чыгарманын, китептин ж.б. негизги ири бөлүктөрү.","The main major parts of a work, book, etc.","Борбордук мекемеге, ишканага же борбордоштурулган уюмга баш ийүүчү анын айрым тармагы.","A branch of a central institution, enterprise, or centralized organization that is subordinate to it.",,#VALUE!,,#VALUE!,,#VALUE!,,#VALUE!,,#VALUE!,,#VALUE!,,#VALUE!,,#VALUE!
https://tamgasoft.kg/dict/index.php?lfrom=kg&lto=kg&word=башчы,башчы,leader,"Жетекчи, башкаруучу, багатап жүрүүчү.","A leader, a manager, a guide.",,#VALUE!,,#VALUE!,,#VALUE!,,#VALUE!,,#VALUE!,,#VALUE!,,#VALUE!,,#VALUE!,,#VALUE!,,#VALUE!
https://el-sozduk.kg/bash-11/,баш,head,"Адамдың, жалпы эле жаныбарлардын көз, мурун, ооз, кулак, мээ орношкон дене мүчөсү.","The body part of humans and animals in general that houses the eyes, nose, mouth, ears, and brain.",Адамдын же айбандын өзү.,The person or animal itself.,"Бир нерсенин алгачкы чыккан жери, жогорку жагы, башталышы.","The first place where something comes from, the top, the beginning.",Дан эгиндердин дан берүүчү бөлүгү.,The grain-bearing part of cereals.,"Чоку, төбө, бир нерсенин жогорку, үстүнкү бөлүгү.","The top, top, upper part of something.","Тескөөчү, башкаруучу, башчы.","Manager, ruler, leader.","Болуп жаткан иштин, окуянын ж. б. дал үстү, өзү, жаны.","The very essence, essence, essence of what is happening, the event, etc.","Мыкты, тандамал, башкалардан жогору, биринчи.","Excellent, select, above others, first.",,#VALUE!,,#VALUE!,,#VALUE!
https://tamgasoft.kg/dict/index.php?lfrom=kg&lto=kg&word=банк,банк,bank,Ири кредиттик мекеме.,A large credit institution.,Карта оюнунда ортого чогулган акча.,Money collected in a card game.,Кумар оюнунун бир түрү.,A type of gambling.,,#VALUE!,,#VALUE!,,#VALUE!,,#VALUE!,,#VALUE!,,#VALUE!,,#VALUE!,,#VALUE!
https://el-sozduk.kg/balalyk-7/,балалык,childhood,"Бала кез, бала чак.","Childhood, childhood.","өт. Бала мүнөздүүлүк, баланын ишин кылгандык, кагылбагандык.","Childish behavior, doing childish things, not being aggressive.",,,,#VALUE!,,#VALUE!,,#VALUE!,,#VALUE!,,#VALUE!,,#VALUE!,,#VALUE!,,#VALUE!
https://tamgasoft.kg/dict/index.php?lfrom=kg&lto=kg&word=бала,бала,the boy,"Бой жете элек жаш уул, кыз; жалпы эле уул, кыз (ата-энесине карата).",A young boy or girl who has not yet reached puberty; generally a boy or girl (in relation to their parents).,"Айбанаттардын, канаттуулардын жашы, жаш төлү.","The age of animals and birds, the young of their young.","Улуу адамдар өзүнөн кичүүлөргө, өз балдары курактууларга кайрылганда айтылат.","It is said when older people address those younger than them, such as those their own children.","Жаш, такшалбаган, кагылбаган.","Young, untrained, untrained.",,#VALUE!,,#VALUE!,,#VALUE!,,#VALUE!,,#VALUE!,,#VALUE!,,#VALUE!
https://tamgasoft.kg/dict/index.php?lfrom=kg&lto=kg&word=бал,бал,honey,"Гүлдөрдүн ширесинен аарылар аркылуу иштелип чыккан коюу, таттуу суюктук.","A thick, sweet liquid produced by bees from the nectar of flowers.","Шалы эгүү, пияз, сабиз сыяктуу өсүмдүктөрдү өндүрүү үчүн суу токтотууга, суу жаюуга ылайыктап, тегерете кырдалган жал; чарчы-чарчы тилкелер.","A ridge of land that is shaped around a circle to hold water and spread it out for the production of crops such as rice, onions, and carrots; square strips.",Салтанаттуу күндөрдө бий менен боло турган чоң оюн-зоок кечеси.,A large entertainment party with dancing on festive days.,,#VALUE!,,#VALUE!,,#VALUE!,,#VALUE!,,#VALUE!,,#VALUE!,,#VALUE!,,#VALUE!
https://tamgasoft.kg/dict/index.php?lfrom=kg&lto=kg&word=байланыш,байланыш,communication,"Адамдардын, коллективдин ортосундагы мамиле, карымкатнаш.","Relationships, interactions between people, teams.","Алыс аралыкта турган адамдарды бири-бири менен кабарлаштыруучу, сүйлөштүрүүчү мекемелердин конторасы.",An office of institutions that communicate and communicate with people living far away.,,#VALUE!,,#VALUE!,,#VALUE!,,#VALUE!,,#VALUE!,,#VALUE!,,#VALUE!,,#VALUE!,,#VALUE!
https://tamgasoft.kg/dict/index.php?lfrom=kg&lto=kg&word=багыт,багыт,direction,Бет алган жак.,The one who has taken a page.,Айлана-чөйрө.,The environment.,Агым.,Flow.,,#VALUE!,,#VALUE!,,#VALUE!,,#VALUE!,,#VALUE!,,#VALUE!,,#VALUE!,,#VALUE!
https://tamgasoft.kg/dict/index.php?lfrom=kg&lto=kg&word=баатыр,баатыр,hero,"Эр, каарман, жүрөктүү.","A man, a hero, a heart.","Урматтоо, кайрылуу иретинде колдонулат.",Used as a form of respect and address.,,#VALUE!,,#VALUE!,,#VALUE!,,#VALUE!,,#VALUE!,,#VALUE!,,#VALUE!,,#VALUE!,,#VALUE!
https://tamgasoft.kg/dict/index.php?lfrom=kg&lto=kg&word=аял,аял,woman,"Эркектин жубайы, жынысы жагынан эркектердин карама-каршысы.",A man's wife is the opposite of men in terms of gender.,"Токтолуп туруучулук, күтүп туруучулук, жай тартуучулук.","Stagnation, waiting, slowness.",,#VALUE!,,#VALUE!,,#VALUE!,,#VALUE!,,#VALUE!,,#VALUE!,,#VALUE!,,#VALUE!,,#VALUE!
https://tamgasoft.kg/dict/index.php?lfrom=kg&lto=kg&word=ата,ата,father,Балалуу болгон эркек (балдарына карата).,A man who has children (in relation to his children).,Жалпы эле жашап калган кишилерге кайрылганда айтылат.,It is generally said when referring to people who have already lived.,Мифтик түшүнүк боюнча айрым айбандардын колдоочусу.,"In mythological terms, he is the patron of certain animals.",,#VALUE!,,#VALUE!,,#VALUE!,,#VALUE!,,#VALUE!,,#VALUE!,,#VALUE!,,#VALUE!
https://tamgasoft.kg/dict/index.php?lfrom=kg&lto=kg&word=ат,ат,horse,Бычылган жылкы.,A trained horse.,Жалпы эле минилүүчү жылкы.,A general riding horse.,Адамдарга берилүүчү ысым.,A name given to people.,"Айбандарга, куштарга ж. б. коюлган аталыштар.","Names given to animals, birds, etc.","Географиялык наам, жерлердин, суулардын ж.б. аталышы.","Geographical title, the name of places, waters, etc.","Атак, даңк.","Fame, glory.",,#VALUE!,,#VALUE!,,#VALUE!,,#VALUE!,,#VALUE!
https://tamgasoft.kg/dict/index.php?lfrom=kg&lto=kg&word=аракет,аракет,action,"Бир нерсени иштөөгө жасалган кыймыл, амал, айла, даярдык, кам.","A movement, action, trick, preparation, care made to do something.",,#VALUE!,,#VALUE!,,#VALUE!,,#VALUE!,,#VALUE!,,#VALUE!,,#VALUE!,,#VALUE!,,#VALUE!,,#VALUE!
https://tamgasoft.kg/dict/index.php?lfrom=kg&lto=kg&word=аймак,аймак,area,"Жер, территория, өлкө.","Land, territory, country.","Айлана, бир нерсенин жаны, тегереги.","Circumference, the soul of something, the surroundings.",,#VALUE!,,#VALUE!,,#VALUE!,,#VALUE!,,#VALUE!,,#VALUE!,,#VALUE!,,#VALUE!,,#VALUE!
https://tamgasoft.kg/dict/index.php?lfrom=kg&lto=kg&word=ай,ай,the moon,Күн нуруна чагылышып жаркырап көрүнүп туруучу асман телосу.,A celestial body that appears to shine by reflecting sunlight.,Жылдын он экиден бир бөлүгүн көрсөтүүчү мезгил.,A period representing one-twelfth of a year.,,#VALUE!,,#VALUE!,,#VALUE!,,#VALUE!,,#VALUE!,,#VALUE!,,#VALUE!,,#VALUE!,,#VALUE!
https://tamgasoft.kg/dict/index.php?lfrom=kg&lto=kg&word=адвокат,адвокат,lawyer,"Айыпталуучуну сот алдында жактоочу, бирвөнүн соттогу иштерин алып баруучу, укук маселелери боюнча кеңештер берүүчү юрист; жактоочу.","A lawyer who defends a defendant in court, who conducts someone's legal affairs, and who provides advice on legal matters; a defense attorney.",,#VALUE!,,#VALUE!,,#VALUE!,,#VALUE!,,#VALUE!,,#VALUE!,,#VALUE!,,#VALUE!,,#VALUE!,,#VALUE!
https://tamgasoft.kg/dict/index.php?lfrom=kg&lto=kg&word=адат,адат,habit,"Жалпы көпчүлүк үчүн өнөкөт болуп калган каада, салт, жүрүш-туруш тартиби.","A custom, tradition, or order of behavior that has become a tradition for the general public.","Үйрөнүп калган көндүм, өнөкөт, көнүмүш.","A learned habit, a chronic one, a routine.",,#VALUE!,,#VALUE!,,#VALUE!,,#VALUE!,,#VALUE!,,#VALUE!,,#VALUE!,,#VALUE!,,#VALUE!
https://tamgasoft.kg/dict/index.php?lfrom=kg&lto=kg&word=адам,адам,person,"Ойлоо жана сүйлөө жөндөмдүүлүгүнө ээ болгон, өндүрүш куралдарын иштеп чыгып, аны коомдук эмгекте пайдалана алуучу тирүү жан, киши.","A living being, a person, who has the ability to think and speak, who can develop tools of production and use them in social labor.",Таң калгандыкты билдирүүдө колдонулат.,Used to express surprise.,,#VALUE!,,#VALUE!,,#VALUE!,,#VALUE!,,#VALUE!,,#VALUE!,,#VALUE!,,#VALUE!,,#VALUE!
https://tamgasoft.kg/dict/index.php?lfrom=kg&lto=kg&word=абал,абал,situation,"Турмуш шарты, иштин, күндөлүк тиричиликтин ж. б. жөн-жайы, жалпы ал-жайы. ","Living conditions, work, daily life, etc., general conditions.","Нерсенин белгилүү бир шарттагы көрүнүшү, турган турушу. ","The appearance, the state of something under certain conditions.",Отурган-турганы же башка бир көрүнүшү боюнча белгилүү калыпта болгондук.,"We were in a certain position, whether sitting or standing, or in some other way."," Оорулуу адамдын ал-жайы, шайы.","The state of a sick person, his or her health.","Коомдук-саясий мамилелердин жалпы көрүнүшү, коомдук турмуштун шарты.","A general picture of socio-political relations, the conditions of public life.","Чама-чарк, даремет. ","A lot of effort, potential.",,#VALUE!,,#VALUE!,,#VALUE!,,#VALUE!,,#VALUE!
"https://el-sozduk.kg/aba-i/

https://el-sozduk.kg/aba-ii/",аба,air,Жалпы эле улуу эркектер; аларга ызааттап кайрыла турган сөз.,Great men in general; a term used to refer to them in a derogatory manner.,"Өзүнөн  улуу  эркек  бир тууганы, аталаш агалары («байке» деген мааниде)","Older male brother, cousins ​​(meaning ""uncle"")","Көбүнчө азот менен кычкылтектин кошундусунан туруп, жердин атмосферасын түзүүчү газ сыяктуу зат. ","A gas-like substance that makes up the Earth's atmosphere, usually consisting of a combination of nitrogen and oxygen.","Асман мейкиндиги, көк.",The sky is blue.,Климат.,Climate.,,#VALUE!,,#VALUE!,,#VALUE!,,#VALUE!,,#VALUE!,,#VALUE!